Logistic Regression,Logistic Regression (Balanced),Logistic Regression (Redundant),Logistic Regression (Feature Importance),Logistic Regression (PCA),Logistic Regression (LDA),KNN,XGBoost
0.9736842105263158,0.9411764705882353,0.9736842105263158,0.9649122807017544,0.9385964912280702,0.9736842105263158,0.9473684210526315,0.956140350877193
0.9761904761904762,0.9767441860465116,0.9761904761904762,0.9534883720930233,1.0,0.9761904761904762,0.9302325581395349,0.9523809523809523
0.9534883720930233,0.9130434782608695,0.9534883720930233,0.9534883720930233,0.8372093023255814,0.9534883720930233,0.9302325581395349,0.9302325581395349
0.9647058823529412,0.9438202247191011,0.9647058823529412,0.9534883720930233,0.9113924050632911,0.9647058823529412,0.9302325581395349,0.9411764705882353
0.99737962659679,0.9899665551839465,0.99737962659679,0.9967245332459875,0.9980347199475926,0.9977071732721913,0.9764166393711103,0.9927939731411726
